Driver ID,First Name,Last Name,Birthdate
992648,Pasquale,Hake,8/12/1983 0:00
913487,Becky,Gregori,20/10/1990 0:00
787584,Doretta,Bortle,13/03/1987 0:00
744618,Wally,Duncan,12/09/1987 0:00
657404,Marylynn,Hunger,20/01/1985 0:00
611421,Ngan,Klingbeil,7/04/1995 0:00
610285,Luna,Lundgren,24/10/1985 0:00
549988,Shawnta,Hix,28/09/1983 0:00
489839,Rubin,Debus,24/09/1984 0:00
391232,Kaley,Newnam,14/12/1987 0:00
364215,Ami,Follette,19/02/1978 0:00
344641,Lynn,Rarick,28/07/2003 0:00
322449,Karyl,Fallin,7/12/1984 0:00
309078,Dexter,Shawgo,24/12/1974 0:00
302033,Karole,Sturman,26/04/2004 0:00
177070,Gianna,Patao,16/09/1978 0:00
108704,Kathyrn,Hilliard,5/10/1979 0:00
108704,Kathyrn,Hilliard,5/10/1979 0:00
99999,Kathyrn,Hilliard,12/05/1998 0:00
46584,Otis,Lamborn,20/12/1984 0:00
20021,Elsa,Brisbin,3/02/2005 0:00
